	0-3A	3-4A	4-5A	5-6A	6-7A	7-8A
ALA:CYS	4	5	2	9	3	0
ALA:ASP	9	5	4	2	0	4
ALA:GLU	6	2	1	0	6	7
ALA:PHE	9	3	4	0	8	6
ALA:GLY	3	7	7	6	2	7
ALA:HIS	5	2	1	9	5	0
ALA:ILE	1	6	7	7	0	9
ALA:LYS	2	1	0	1	1	2
ALA:LEU	6	0	7	4	6	4
ALA:MET	5	7	4	8	8	0
ALA:ASN	6	2	3	3	2	9
ALA:PRO	6	3	2	1	2	7
ALA:GLN	6	0	2	1	7	6
ALA:ARG	0	2	6	4	7	2
ALA:SER	4	8	9	6	5	4
ALA:THR	8	9	6	0	3	3
ALA:VAL	7	8	4	4	2	4
ALA:TRP	4	1	3	5	2	4
ALA:TYR	3	6	0	4	9	1
CYS:ASP	9	1	8	6	1	1
CYS:GLU	4	3	6	4	0	0
CYS:PHE	8	0	5	9	1	7
CYS:GLY	8	6	7	8	2	6
CYS:HIS	6	9	1	6	2	6
CYS:ILE	1	0	2	6	3	8
CYS:LYS	2	9	7	5	2	0
CYS:LEU	4	9	7	9	1	0
CYS:MET	0	1	2	7	7	7
CYS:ASN	1	9	1	6	5	2
CYS:PRO	0	2	3	6	8	5
CYS:GLN	0	0	6	2	0	9
CYS:ARG	8	2	6	9	9	1
CYS:SER	2	9	0	0	1	0
CYS:THR	5	5	9	5	8	7
CYS:VAL	6	4	3	2	7	0
CYS:TRP	3	3	9	0	8	7
CYS:TYR	8	4	4	5	8	0
ASP:GLU	8	5	7	2	6	9
ASP:PHE	7	3	4	4	9	6
ASP:GLY	5	4	9	1	7	8
ASP:HIS	5	6	6	2	8	4
ASP:ILE	0	7	5	5	9	1
ASP:LYS	0	4	9	3	4	2
ASP:LEU	9	0	2	8	0	6
ASP:MET	1	1	2	8	5	0
ASP:ASN	0	7	2	4	4	5
ASP:PRO	4	1	5	3	3	2
ASP:GLN	4	2	9	5	7	1
ASP:ARG	9	4	0	1	2	0
ASP:SER	0	6	4	8	1	6
ASP:THR	8	6	3	8	1	8
ASP:VAL	1	3	3	9	8	1
ASP:TRP	8	6	1	0	5	6
ASP:TYR	1	8	2	2	4	5
GLU:PHE	3	9	6	8	0	1
GLU:GLY	4	3	5	3	5	3
GLU:HIS	4	9	0	6	2	3
GLU:ILE	6	3	6	2	9	5
GLU:LYS	1	7	3	2	1	8
GLU:LEU	0	2	8	8	0	6
GLU:MET	4	0	0	5	0	1
GLU:ASN	6	3	6	8	0	5
GLU:PRO	8	4	7	6	5	8
GLU:GLN	6	0	9	7	4	6
GLU:ARG	1	1	1	2	0	9
GLU:SER	2	5	8	7	0	3
GLU:THR	9	6	3	8	6	3
GLU:VAL	8	8	9	8	0	9
GLU:TRP	0	8	5	7	3	3
GLU:TYR	8	7	4	5	7	8
PHE:GLY	3	8	2	9	2	8
PHE:HIS	9	7	0	3	7	1
PHE:ILE	1	7	5	3	9	3
PHE:LYS	7	8	5	3	9	1
PHE:LEU	4	4	6	7	2	7
PHE:MET	7	3	9	5	1	6
PHE:ASN	0	1	2	8	0	8
PHE:PRO	8	5	5	0	5	8
PHE:GLN	3	8	4	4	9	3
PHE:ARG	9	1	9	6	9	0
PHE:SER	0	9	3	6	6	1
PHE:THR	8	8	1	8	5	8
PHE:VAL	0	4	4	0	7	9
PHE:TRP	0	7	7	2	1	0
PHE:TYR	2	5	4	2	4	8
GLY:HIS	8	8	6	2	8	4
GLY:ILE	0	7	5	9	6	1
GLY:LYS	9	4	2	7	1	2
GLY:LEU	5	0	0	3	2	7
GLY:MET	0	3	6	7	8	0
GLY:ASN	4	7	1	1	7	2
GLY:PRO	6	1	1	5	5	8
GLY:GLN	1	9	0	8	6	8
GLY:ARG	0	4	4	4	3	2
GLY:SER	2	2	4	0	4	2
GLY:THR	6	8	3	9	6	3
GLY:VAL	5	8	2	1	5	1
GLY:TRP	8	6	6	0	2	1
GLY:TYR	9	0	3	0	5	1
HIS:ILE	5	4	7	9	3	2
HIS:LYS	1	9	1	2	0	0
HIS:LEU	2	0	9	0	8	3
HIS:MET	5	8	5	5	3	7
HIS:ASN	7	6	1	6	3	8
HIS:PRO	0	3	5	6	6	4
HIS:GLN	2	9	8	9	0	7
HIS:ARG	7	0	6	0	6	0
HIS:SER	6	3	8	3	4	5
HIS:THR	4	9	7	6	6	3
HIS:VAL	6	6	4	2	4	4
HIS:TRP	9	0	9	1	2	1
HIS:TYR	1	7	0	9	8	7
ILE:LYS	2	5	6	7	0	6
ILE:LEU	1	2	1	1	8	8
ILE:MET	5	7	5	9	1	7
ILE:ASN	0	2	8	7	1	2
ILE:PRO	9	4	1	9	4	6
ILE:GLN	7	3	4	1	5	5
ILE:ARG	4	5	0	9	7	9
ILE:SER	1	0	3	2	8	7
ILE:THR	0	4	4	8	4	4
ILE:VAL	5	2	7	1	1	2
ILE:TRP	0	9	6	9	4	2
ILE:TYR	5	6	3	0	6	3
LYS:LEU	7	6	4	2	5	9
LYS:MET	0	1	3	5	0	8
LYS:ASN	5	1	4	1	2	2
LYS:PRO	3	7	1	3	1	9
LYS:GLN	8	3	3	1	8	2
LYS:ARG	6	8	9	5	0	7
LYS:SER	5	8	5	6	2	0
LYS:THR	7	8	9	2	9	6
LYS:VAL	6	6	1	1	6	8
LYS:TRP	9	5	2	0	4	9
LYS:TYR	3	8	5	2	7	4
LEU:MET	6	2	7	1	0	0
LEU:ASN	4	7	6	0	2	0
LEU:PRO	5	3	6	6	1	6
LEU:GLN	0	2	9	5	0	1
LEU:ARG	0	4	4	1	7	3
LEU:SER	8	7	2	1	2	8
LEU:THR	2	7	0	8	2	3
LEU:VAL	0	6	2	2	4	1
LEU:TRP	1	1	1	5	6	9
LEU:TYR	8	0	7	5	6	2
MET:ASN	2	8	0	3	4	2
MET:PRO	0	2	7	8	2	0
MET:GLN	2	9	6	4	5	7
MET:ARG	5	8	6	1	7	8
MET:SER	0	2	8	4	7	5
MET:THR	8	4	9	3	6	8
MET:VAL	6	7	3	6	2	2
MET:TRP	2	9	3	6	3	7
MET:TYR	9	7	7	0	2	6
ASN:PRO	2	0	2	3	9	7
ASN:GLN	4	4	1	9	0	7
ASN:ARG	0	7	6	6	6	7
ASN:SER	1	7	0	3	7	4
ASN:THR	7	6	5	7	1	0
ASN:VAL	4	6	9	9	2	6
ASN:TRP	3	3	8	5	9	9
ASN:TYR	8	4	5	2	4	8
PRO:GLN	3	7	6	8	6	2
PRO:ARG	4	1	9	6	5	1
PRO:SER	3	4	6	0	4	7
PRO:THR	4	5	6	5	2	3
PRO:VAL	7	6	0	5	4	8
PRO:TRP	6	2	9	6	9	6
PRO:TYR	7	3	0	3	6	9
GLN:ARG	2	3	5	8	3	7
GLN:SER	8	1	5	3	0	2
GLN:THR	6	5	3	9	4	9
GLN:VAL	8	8	0	9	3	4
GLN:TRP	2	1	2	1	1	1
GLN:TYR	3	5	0	1	4	8
ARG:SER	6	7	4	8	7	5
ARG:THR	0	6	4	6	2	5
ARG:VAL	4	1	7	1	2	9
ARG:TRP	6	5	8	3	2	4
ARG:TYR	9	0	7	8	9	8
SER:THR	5	1	2	6	0	4
SER:VAL	4	5	8	5	7	0
SER:TRP	4	5	4	3	7	2
SER:TYR	2	5	1	4	5	0
THR:VAL	5	1	1	3	1	3
THR:TRP	9	9	8	5	7	9
THR:TYR	4	1	4	9	3	2
VAL:TRP	0	3	7	9	8	1
VAL:TYR	6	1	7	9	9	0
TRP:TYR	6	6	2	7	4	7
